file_name,Dataset,PDB_ID,Antigen_name,Source,Model,Mutation,Type,Input_Type,Spearman,AUC,MCC,NDCG,AP
AbDesign_1BJ1_HLW__AI4Protein__VenusPLM-300M__40ebdfbd__wt__fp16__focus1,AbDesign,1BJ1,HLW__AI4Protein__VenusPLM-300M__40ebdfbd__wt__fp16_,,VenusPLM-300M,,1,wt,-0.1243354829488246,0.4066820276497695,-0.1129032258064516,0.5459310890300414,0.0953278423523926
AbDesign_1MLC_ABE__AI4Protein__VenusPLM-300M__40ebdfbd__masked__fp16__focus1,AbDesign,1MLC,ABE__AI4Protein__VenusPLM-300M__40ebdfbd__masked__fp16_,,VenusPLM-300M,,1,masked,0.2608483968818453,0.8083333333333333,-0.15,0.4422206212498923,0.3523809523809524
AbDesign_1VFB_ABC__AI4Protein__VenusPLM-300M__40ebdfbd__wt__fp16__focus1,AbDesign,1VFB,ABC__AI4Protein__VenusPLM-300M__40ebdfbd__wt__fp16_,,VenusPLM-300M,,1,wt,0.0993244028489863,0.5036319612590798,0.2009685230024213,0.7536969535804233,0.1812049062049062
AbDesign_2BDN_AHL__AI4Protein__VenusPLM-300M__40ebdfbd__masked__fp16__focus1,AbDesign,2BDN,AHL__AI4Protein__VenusPLM-300M__40ebdfbd__masked__fp16_,,VenusPLM-300M,,1,masked,0.1483516483516483,0.5,-0.1818181818181818,0.5384615384615384,0.2083333333333333
AbDesign_2YSS_ABC__AI4Protein__VenusPLM-300M__40ebdfbd__wt__fp16__focus1,AbDesign,2YSS,ABC__AI4Protein__VenusPLM-300M__40ebdfbd__wt__fp16_,,VenusPLM-300M,,1,wt,-0.0794010889292196,0.7777777777777779,0.2549019607843137,0.4401485709435421,0.2620025384624509
AbDesign_3HFM_HLY__AI4Protein__VenusPLM-300M__40ebdfbd__wt__fp16__focus1,AbDesign,3HFM,HLY__AI4Protein__VenusPLM-300M__40ebdfbd__wt__fp16_,,VenusPLM-300M,,1,wt,0.3634418188933672,0.7142857142857143,0.5523809523809524,0.926472958700184,0.5006060606060605
AbDesign_4I77_HLZ__AI4Protein__VenusPLM-300M__40ebdfbd__wt__fp16__focus1,AbDesign,4I77,HLZ__AI4Protein__VenusPLM-300M__40ebdfbd__wt__fp16_,,VenusPLM-300M,,1,wt,-0.0059731572143363,0.4285714285714285,0.3947710169758613,1.0,0.6431148216862501
AbDesign_6XKR_HLP__AI4Protein__VenusPLM-300M__40ebdfbd__masked__fp16__focus1,AbDesign,6XKR,HLP__AI4Protein__VenusPLM-300M__40ebdfbd__masked__fp16_,,VenusPLM-300M,,1,masked,0.0028189858715834,0.5076923076923077,0.0974358974358974,0.5810349575729362,0.1570259152612094
AbDesign_1BVK_ABC__AI4Protein__VenusPLM-300M__40ebdfbd__masked__fp16__focus1,AbDesign,1BVK,ABC__AI4Protein__VenusPLM-300M__40ebdfbd__masked__fp16_,,VenusPLM-300M,,1,masked,0.2197479632350172,0.5928571428571429,-0.1142857142857142,0.4053216937767125,0.1429657477025898
AbDesign_2YSS_ABC__AI4Protein__VenusPLM-300M__40ebdfbd__masked__fp16__focus1,AbDesign,2YSS,ABC__AI4Protein__VenusPLM-300M__40ebdfbd__masked__fp16_,,VenusPLM-300M,,1,masked,-0.0621607168981809,0.7254901960784313,0.0686274509803921,0.5059013735416495,0.2477861319966583
AbDesign_3BE1_AHL__AI4Protein__VenusPLM-300M__40ebdfbd__wt__fp16__focus1,AbDesign,3BE1,AHL__AI4Protein__VenusPLM-300M__40ebdfbd__wt__fp16_,,VenusPLM-300M,,1,wt,0.0468937884395035,0.36,-0.1466471150213532,0.8153973098295532,0.141646787747357
AbDesign_5GGS_ABZ__AI4Protein__VenusPLM-300M__40ebdfbd__masked__fp16__focus1,AbDesign,5GGS,ABZ__AI4Protein__VenusPLM-300M__40ebdfbd__masked__fp16_,,VenusPLM-300M,,1,masked,-0.099803636984547,0.6123188405797102,0.0579710144927536,0.5795123733108778,0.3255402412379157
AbDesign_6RP8_CHL__AI4Protein__VenusPLM-300M__40ebdfbd__masked__fp16__focus1,AbDesign,6RP8,CHL__AI4Protein__VenusPLM-300M__40ebdfbd__masked__fp16_,,VenusPLM-300M,,1,masked,-0.1699926141759568,0.2435897435897435,-0.1153846153846153,0.4665758452754806,0.0883909119203237
AbDesign_7KF0_HLV__AI4Protein__VenusPLM-300M__40ebdfbd__wt__fp16__focus1,AbDesign,7KF0,HLV__AI4Protein__VenusPLM-300M__40ebdfbd__wt__fp16_,,VenusPLM-300M,,1,wt,0.0028449502133712,0.4469696969696969,0.1590909090909091,0.6524827059604761,0.1561936936936936
AbDesign_1BVK_ABC__AI4Protein__VenusPLM-300M__40ebdfbd__wt__fp16__focus1,AbDesign,1BVK,ABC__AI4Protein__VenusPLM-300M__40ebdfbd__wt__fp16_,,VenusPLM-300M,,1,wt,0.2518218623481781,0.7357142857142857,0.1642857142857142,0.6507947694175107,0.4101923076923077
AbDesign_1JRH_HIL__AI4Protein__VenusPLM-300M__40ebdfbd__wt__fp16__focus1,AbDesign,1JRH,HIL__AI4Protein__VenusPLM-300M__40ebdfbd__wt__fp16_,,VenusPLM-300M,,1,wt,0.0880693071726382,0.5882352941176471,0.3267320196065356,0.7633939999567894,0.4624999999999999
AbDesign_1YY9_ACD__AI4Protein__VenusPLM-300M__40ebdfbd__wt__fp16__focus1,AbDesign,1YY9,ACD__AI4Protein__VenusPLM-300M__40ebdfbd__wt__fp16_,,VenusPLM-300M,,1,wt,0.1538897300988026,0.7105263157894737,-0.1873171623163388,0.2732215484147676,0.3055555555555556
AbDesign_3BDY_HLV__AI4Protein__VenusPLM-300M__40ebdfbd__wt__fp16__focus1,AbDesign,3BDY,HLV__AI4Protein__VenusPLM-300M__40ebdfbd__wt__fp16_,,VenusPLM-300M,,1,wt,0.1001408445155364,0.4758064516129032,-0.1290322580645161,0.4895174662893171,0.1307800751879699
AbDesign_6NMS_HLS__AI4Protein__VenusPLM-300M__40ebdfbd__wt__fp16__focus1,AbDesign,6NMS,HLS__AI4Protein__VenusPLM-300M__40ebdfbd__wt__fp16_,,VenusPLM-300M,,1,wt,0.1997959183673469,0.6590909090909092,0.3318181818181818,0.8534381043027893,0.3299296066252588
AbDesign_7BEJ_EHL__AI4Protein__VenusPLM-300M__40ebdfbd__masked__fp16__focus1,AbDesign,7BEJ,EHL__AI4Protein__VenusPLM-300M__40ebdfbd__masked__fp16_,,VenusPLM-300M,,1,masked,0.4397759103641457,0.5403225806451613,0.1532258064516129,0.7367832407037828,0.2225961538461538
AbDesign_1BJ1_HLW__AI4Protein__VenusPLM-300M__40ebdfbd__masked__fp16__focus1,AbDesign,1BJ1,HLW__AI4Protein__VenusPLM-300M__40ebdfbd__masked__fp16_,,VenusPLM-300M,,1,masked,-0.1233672518885414,0.4158986175115207,-0.1129032258064516,0.6123076331397878,0.097725465342439
AbDesign_1MHP_AHL__AI4Protein__VenusPLM-300M__40ebdfbd__masked__fp16__focus1,AbDesign,1MHP,AHL__AI4Protein__VenusPLM-300M__40ebdfbd__masked__fp16_,,VenusPLM-300M,,1,masked,-0.0300867437928425,0.3263239875389409,-0.0194704049844236,0.6952922276368858,0.1339139618551383
AbDesign_1VFB_ABC__AI4Protein__VenusPLM-300M__40ebdfbd__masked__fp16__focus1,AbDesign,1VFB,ABC__AI4Protein__VenusPLM-300M__40ebdfbd__masked__fp16_,,VenusPLM-300M,,1,masked,0.0737832454300817,0.5060532687651331,0.2009685230024213,0.561911030345642,0.2004745064241631
AbDesign_3BE1_AHL__AI4Protein__VenusPLM-300M__40ebdfbd__masked__fp16__focus1,AbDesign,3BE1,AHL__AI4Protein__VenusPLM-300M__40ebdfbd__masked__fp16_,,VenusPLM-300M,,1,masked,0.0028080112838026,0.3333333333333333,-0.1466471150213532,0.746876798450026,0.1296298576902025
AbDesign_3NGB_GHL__AI4Protein__VenusPLM-300M__40ebdfbd__masked__fp16__focus1,AbDesign,3NGB,GHL__AI4Protein__VenusPLM-300M__40ebdfbd__masked__fp16_,,VenusPLM-300M,,1,masked,0.2896376604259629,0.3546099290780141,0.0365039780944725,0.555677697843952,0.1163048665630017
AbDesign_4I77_HLZ__AI4Protein__VenusPLM-300M__40ebdfbd__masked__fp16__focus1,AbDesign,4I77,HLZ__AI4Protein__VenusPLM-300M__40ebdfbd__masked__fp16_,,VenusPLM-300M,,1,masked,-0.1134899870723908,0.4047619047619047,-0.0328975847479884,1.0,0.5954957740672027
AbDesign_6NMS_HLS__AI4Protein__VenusPLM-300M__40ebdfbd__masked__fp16__focus1,AbDesign,6NMS,HLS__AI4Protein__VenusPLM-300M__40ebdfbd__masked__fp16_,,VenusPLM-300M,,1,masked,0.1556162147499923,0.6022727272727272,0.3318181818181818,0.8964637542089986,0.3816337386018237
AbDesign_7JMO_AHL__AI4Protein__VenusPLM-300M__40ebdfbd__wt__fp16__focus1,AbDesign,7JMO,AHL__AI4Protein__VenusPLM-300M__40ebdfbd__wt__fp16_,,VenusPLM-300M,,1,wt,0.2824770618930853,0.5423280423280423,-0.1296296296296296,0.5738519135903505,0.1309191233581477
AbDesign_7JMO_AHL__AI4Protein__VenusPLM-300M__40ebdfbd__masked__fp16__focus1,AbDesign,7JMO,AHL__AI4Protein__VenusPLM-300M__40ebdfbd__masked__fp16_,,VenusPLM-300M,,1,masked,0.26351136964569,0.5423280423280423,-0.1296296296296296,0.4972045663012718,0.130177626606198
AbDesign_1MHP_AHL__AI4Protein__VenusPLM-300M__40ebdfbd__wt__fp16__focus1,AbDesign,1MHP,AHL__AI4Protein__VenusPLM-300M__40ebdfbd__wt__fp16_,,VenusPLM-300M,,1,wt,-0.0354490556534665,0.3341121495327103,-0.027815995243716,0.6808779739804462,0.1313292663383064
AbDesign_1N8Z_ABC__AI4Protein__VenusPLM-300M__40ebdfbd__masked__fp16__focus1,AbDesign,1N8Z,ABC__AI4Protein__VenusPLM-300M__40ebdfbd__masked__fp16_,,VenusPLM-300M,,1,masked,0.0544875999166987,0.5416666666666667,-0.1543033499620919,0.4891317745526341,0.1646825396825396
AbDesign_1YY9_ACD__AI4Protein__VenusPLM-300M__40ebdfbd__masked__fp16__focus1,AbDesign,1YY9,ACD__AI4Protein__VenusPLM-300M__40ebdfbd__masked__fp16_,,VenusPLM-300M,,1,masked,0.0746817807832424,0.6754385964912281,-0.1873171623163388,0.1894597959915336,0.2738095238095238
AbDesign_2BDN_AHL__AI4Protein__VenusPLM-300M__40ebdfbd__wt__fp16__focus1,AbDesign,2BDN,AHL__AI4Protein__VenusPLM-300M__40ebdfbd__wt__fp16_,,VenusPLM-300M,,1,wt,0.1263736263736263,0.5454545454545454,-0.1818181818181818,0.6153846153846154,0.2261904761904761
AbDesign_2NYY_ACD__AI4Protein__VenusPLM-300M__40ebdfbd__wt__fp16__focus1,AbDesign,2NYY,ACD__AI4Protein__VenusPLM-300M__40ebdfbd__wt__fp16_,,VenusPLM-300M,,1,wt,-0.0553747808460562,0.3703703703703703,-0.1666666666666666,0.6948481691513104,0.1699346405228758
AbDesign_3SE9_GHL__AI4Protein__VenusPLM-300M__40ebdfbd__masked__fp16__focus1,AbDesign,3SE9,GHL__AI4Protein__VenusPLM-300M__40ebdfbd__masked__fp16_,,VenusPLM-300M,,1,masked,-0.1251924228409921,0.7826086956521738,0.2463768115942029,0.3881417477017433,0.3714285714285714
AbDesign_5F9W_GHL__AI4Protein__VenusPLM-300M__40ebdfbd__masked__fp16__focus1,AbDesign,5F9W,GHL__AI4Protein__VenusPLM-300M__40ebdfbd__masked__fp16_,,VenusPLM-300M,,1,masked,0.2285572343826419,0.7720125786163522,0.2233825994764192,0.6394039751634564,0.2864087301587301
AbDesign_5GGS_ABZ__AI4Protein__VenusPLM-300M__40ebdfbd__wt__fp16__focus1,AbDesign,5GGS,ABZ__AI4Protein__VenusPLM-300M__40ebdfbd__wt__fp16_,,VenusPLM-300M,,1,wt,-0.0840092205242038,0.5905797101449275,0.0579710144927536,0.6422775627133672,0.2332007332007332
AbDesign_6MFP_GHL__AI4Protein__VenusPLM-300M__40ebdfbd__wt__fp16__focus1,AbDesign,6MFP,GHL__AI4Protein__VenusPLM-300M__40ebdfbd__wt__fp16_,,VenusPLM-300M,,1,wt,-0.2778568041725936,0.3106060606060605,0.1590909090909091,0.6938058380208443,0.316447728516694
AbDesign_6MFP_GHL__AI4Protein__VenusPLM-300M__40ebdfbd__masked__fp16__focus1,AbDesign,6MFP,GHL__AI4Protein__VenusPLM-300M__40ebdfbd__masked__fp16_,,VenusPLM-300M,,1,masked,-0.4027975343764817,0.1893939393939393,-0.1212121212121212,0.5448680965631302,0.0811536108696352
AbDesign_1DQJ_ABC__AI4Protein__VenusPLM-300M__40ebdfbd__masked__fp16__focus1,AbDesign,1DQJ,ABC__AI4Protein__VenusPLM-300M__40ebdfbd__masked__fp16_,,VenusPLM-300M,,1,masked,0.4810968115930414,0.8518518518518519,0.2222222222222222,0.8592453628198339,0.6190476190476191
AbDesign_1JRH_HIL__AI4Protein__VenusPLM-300M__40ebdfbd__masked__fp16__focus1,AbDesign,1JRH,HIL__AI4Protein__VenusPLM-300M__40ebdfbd__masked__fp16_,,VenusPLM-300M,,1,masked,-0.1193524434765966,0.4999999999999999,-0.140028008402801,0.4036845670138101,0.1944444444444444
AbDesign_3SE9_GHL__AI4Protein__VenusPLM-300M__40ebdfbd__wt__fp16__focus1,AbDesign,3SE9,GHL__AI4Protein__VenusPLM-300M__40ebdfbd__wt__fp16_,,VenusPLM-300M,,1,wt,-0.1101419676360641,0.7536231884057971,0.2463768115942029,0.7728615549271289,0.3333333333333333
AbDesign_5F9W_GHL__AI4Protein__VenusPLM-300M__40ebdfbd__wt__fp16__focus1,AbDesign,5F9W,GHL__AI4Protein__VenusPLM-300M__40ebdfbd__wt__fp16_,,VenusPLM-300M,,1,wt,0.3313315507593716,0.8427672955974843,0.4433962264150943,0.9604613072635254,0.527027027027027
AbDesign_5GGV_HLY__AI4Protein__VenusPLM-300M__40ebdfbd__wt__fp16__focus1,AbDesign,5GGV,HLY__AI4Protein__VenusPLM-300M__40ebdfbd__wt__fp16_,,VenusPLM-300M,,1,wt,-0.0446164897437944,0.3571428571428571,-0.1166666666666666,0.5886891335324681,0.0877548686557583
AbDesign_6NMU_HLS__AI4Protein__VenusPLM-300M__40ebdfbd__masked__fp16__focus1,AbDesign,6NMU,HLS__AI4Protein__VenusPLM-300M__40ebdfbd__masked__fp16_,,VenusPLM-300M,,1,masked,0.0158427291124602,0.3761904761904762,0.1047619047619047,0.4996029095209413,0.1175498575498575
AbDesign_1DQJ_ABC__AI4Protein__VenusPLM-300M__40ebdfbd__wt__fp16__focus1,AbDesign,1DQJ,ABC__AI4Protein__VenusPLM-300M__40ebdfbd__wt__fp16_,,VenusPLM-300M,,1,wt,0.3611485550440989,0.7037037037037037,0.2222222222222222,0.8592453628198339,0.5151515151515151
AbDesign_1MLC_ABE__AI4Protein__VenusPLM-300M__40ebdfbd__wt__fp16__focus1,AbDesign,1MLC,ABE__AI4Protein__VenusPLM-300M__40ebdfbd__wt__fp16_,,VenusPLM-300M,,1,wt,0.2608483968818453,0.8083333333333333,-0.15,0.4422206212498923,0.3523809523809524
AbDesign_1N8Z_ABC__AI4Protein__VenusPLM-300M__40ebdfbd__wt__fp16__focus1,AbDesign,1N8Z,ABC__AI4Protein__VenusPLM-300M__40ebdfbd__wt__fp16_,,VenusPLM-300M,,1,wt,0.0769800811623119,0.5305555555555556,-0.1388888888888889,0.5356534701191216,0.1621052631578947
AbDesign_3BDY_HLV__AI4Protein__VenusPLM-300M__40ebdfbd__masked__fp16__focus1,AbDesign,3BDY,HLV__AI4Protein__VenusPLM-300M__40ebdfbd__masked__fp16_,,VenusPLM-300M,,1,masked,0.0772474957693478,0.5080645161290323,-0.1290322580645161,0.3970832891814441,0.1396630874572051
AbDesign_3HFM_HLY__AI4Protein__VenusPLM-300M__40ebdfbd__masked__fp16__focus1,AbDesign,3HFM,HLY__AI4Protein__VenusPLM-300M__40ebdfbd__masked__fp16_,,VenusPLM-300M,,1,masked,0.33394073220936,0.6,0.2815806279191758,0.7501005819322355,0.2678281068524971
AbDesign_3N85_AHL__AI4Protein__VenusPLM-300M__40ebdfbd__wt__fp16__focus1,AbDesign,3N85,AHL__AI4Protein__VenusPLM-300M__40ebdfbd__wt__fp16_,,VenusPLM-300M,,1,wt,-0.1580554413568168,0.25,-0.1666666666666666,0.4210526315789473,0.1964285714285714
AbDesign_3N85_AHL__AI4Protein__VenusPLM-300M__40ebdfbd__masked__fp16__focus1,AbDesign,3N85,AHL__AI4Protein__VenusPLM-300M__40ebdfbd__masked__fp16_,,VenusPLM-300M,,1,masked,-0.066869609804807,0.3125,-0.1666666666666666,0.631578947368421,0.2083333333333333
AbDesign_3NGB_GHL__AI4Protein__VenusPLM-300M__40ebdfbd__wt__fp16__focus1,AbDesign,3NGB,GHL__AI4Protein__VenusPLM-300M__40ebdfbd__wt__fp16_,,VenusPLM-300M,,1,wt,0.3227679717194367,0.375886524822695,0.0602836879432624,0.5694672311795985,0.1407199821032329
AbDesign_5GGV_HLY__AI4Protein__VenusPLM-300M__40ebdfbd__masked__fp16__focus1,AbDesign,5GGV,HLY__AI4Protein__VenusPLM-300M__40ebdfbd__masked__fp16_,,VenusPLM-300M,,1,masked,-0.0320260198956386,0.3571428571428571,-0.1166666666666666,0.4933874560808628,0.0877659435544291
AbDesign_6NMU_HLS__AI4Protein__VenusPLM-300M__40ebdfbd__wt__fp16__focus1,AbDesign,6NMU,HLS__AI4Protein__VenusPLM-300M__40ebdfbd__wt__fp16_,,VenusPLM-300M,,1,wt,0.024977595338702,0.4380952380952381,-0.119047619047619,0.5524286103041999,0.12020267385687
AbDesign_6XKR_HLP__AI4Protein__VenusPLM-300M__40ebdfbd__wt__fp16__focus1,AbDesign,6XKR,HLP__AI4Protein__VenusPLM-300M__40ebdfbd__wt__fp16_,,VenusPLM-300M,,1,wt,-0.0499665245738166,0.4153846153846154,-0.1282051282051282,0.4761468610242412,0.1237089577089577
AbDesign_7BEJ_EHL__AI4Protein__VenusPLM-300M__40ebdfbd__wt__fp16__focus1,AbDesign,7BEJ,EHL__AI4Protein__VenusPLM-300M__40ebdfbd__wt__fp16_,,VenusPLM-300M,,1,wt,0.4638655462184873,0.5483870967741935,-0.1290322580645161,0.7973234834323321,0.1971920289855072
AbDesign_2NYY_ACD__AI4Protein__VenusPLM-300M__40ebdfbd__masked__fp16__focus1,AbDesign,2NYY,ACD__AI4Protein__VenusPLM-300M__40ebdfbd__masked__fp16_,,VenusPLM-300M,,1,masked,-0.1947889349761272,0.2592592592592593,-0.1980295085953348,0.6427936440802362,0.1478696741854636
AbDesign_3SE8_GHL__AI4Protein__VenusPLM-300M__40ebdfbd__wt__fp16__focus1,AbDesign,3SE8,GHL__AI4Protein__VenusPLM-300M__40ebdfbd__wt__fp16_,,VenusPLM-300M,,1,wt,0.1697462429169746,0.6794871794871795,0.2564102564102564,0.8499979635080686,0.2804487179487179
AbDesign_3SE8_GHL__AI4Protein__VenusPLM-300M__40ebdfbd__masked__fp16__focus1,AbDesign,3SE8,GHL__AI4Protein__VenusPLM-300M__40ebdfbd__masked__fp16_,,VenusPLM-300M,,1,masked,0.1458487312145849,0.6858974358974359,0.2564102564102564,0.578314965405903,0.229059829059829
AbDesign_6RP8_CHL__AI4Protein__VenusPLM-300M__40ebdfbd__wt__fp16__focus1,AbDesign,6RP8,CHL__AI4Protein__VenusPLM-300M__40ebdfbd__wt__fp16_,,VenusPLM-300M,,1,wt,-0.215270935960591,0.2435897435897436,-0.1153846153846153,0.5737201570554317,0.0884615384615384
AbDesign_7KF0_HLV__AI4Protein__VenusPLM-300M__40ebdfbd__masked__fp16__focus1,AbDesign,7KF0,HLV__AI4Protein__VenusPLM-300M__40ebdfbd__masked__fp16_,,VenusPLM-300M,,1,masked,-0.0173067804646752,0.4393939393939394,0.1590909090909091,0.6469287145277063,0.2234555984555984
BH3_Bcl-xL_normed_1PQ1__AI4Protein__VenusPLM-300M__40ebdfbd__masked__fp16__focus1,BindingGYM,1PQ1,BH3_Bcl-xL_normed_1PQ1__AI4Protein__VenusPLM-300M__40ebdfbd__masked__fp16_,,VenusPLM-300M,,1,masked,0.2272226108575612,0.6095658633212282,0.0594255529877847,0.6185810490245285,0.1522877928261998
BH3_Mcl-1_normed_3KZ0__AI4Protein__VenusPLM-300M__40ebdfbd__wt__fp16__focus1,BindingGYM,3KZ0,BH3_Mcl-1_normed_3KZ0__AI4Protein__VenusPLM-300M__40ebdfbd__wt__fp16_,,VenusPLM-300M,,1,wt,0.3721298426945391,0.6873968306371739,0.0808022449653351,0.5417750910740019,0.1714383333993347
CXCR4_CXCL12_enrich_8U4O__AI4Protein__VenusPLM-300M__40ebdfbd__masked__fp16__focus1,BindingGYM,8U4O,CXCR4_CXCL12_enrich_8U4O__AI4Protein__VenusPLM-300M__40ebdfbd__masked__fp16_,,VenusPLM-300M,,1,masked,0.1276264234123248,0.4441464314010793,0.0078456027674268,0.604728206750355,0.101901443882309
GB1_IgG-Fc_fitness_1FCC__AI4Protein__VenusPLM-300M__40ebdfbd__wt__fp16__focus1,BindingGYM,1FCC,GB1_IgG-Fc_fitness_1FCC__AI4Protein__VenusPLM-300M__40ebdfbd__wt__fp16_,,VenusPLM-300M,,1,wt,0.1237582398698014,0.5121544318701077,-0.0313470673638683,0.504464231087607,0.095931835703188
KRAS_DARPinK27_norfitness_5O2S__AI4Protein__VenusPLM-300M__40ebdfbd__wt__fp16__focus1,BindingGYM,5O2S,KRAS_DARPinK27_norfitness_5O2S__AI4Protein__VenusPLM-300M__40ebdfbd__wt__fp16_,,VenusPLM-300M,,1,wt,0.468036341189937,0.6853854158472676,0.1339357180566302,0.793730366509438,0.1865694301305214
KRAS_RAF1_norfitness_6VJJ__AI4Protein__VenusPLM-300M__40ebdfbd__masked__fp16__focus1,BindingGYM,6VJJ,KRAS_RAF1_norfitness_6VJJ__AI4Protein__VenusPLM-300M__40ebdfbd__masked__fp16_,,VenusPLM-300M,,1,masked,0.4650789353121596,0.7683698159596734,0.2963362119617226,0.833639896115583,0.3218140360346645
KRAS_SOS1_norfitness_8BE4__AI4Protein__VenusPLM-300M__40ebdfbd__wt__fp16__focus1,BindingGYM,8BE4,KRAS_SOS1_norfitness_8BE4__AI4Protein__VenusPLM-300M__40ebdfbd__wt__fp16_,,VenusPLM-300M,,1,wt,0.4402760833040812,0.6281741125332473,-0.043662261419922,0.6600730032335281,0.1255338107169926
PSD95_CRIPT_1BE9__AI4Protein__VenusPLM-300M__40ebdfbd__masked__fp16__focus1,BindingGYM,1BE9,PSD95_CRIPT_1BE9__AI4Protein__VenusPLM-300M__40ebdfbd__masked__fp16_,,VenusPLM-300M,,1,masked,0.5617619010111592,0.6583571957431246,0.0222968572983291,0.733306612977532,0.149055677301445
BH3_Bcl-xL_normed_1PQ1__AI4Protein__VenusPLM-300M__40ebdfbd__wt__fp16__focus1,BindingGYM,1PQ1,BH3_Bcl-xL_normed_1PQ1__AI4Protein__VenusPLM-300M__40ebdfbd__wt__fp16_,,VenusPLM-300M,,1,wt,0.5326031206230993,0.7512793000990426,0.1449323208979861,0.6982599624548266,0.2322998282733819
KRAS_DARPinK27_norfitness_5O2S__AI4Protein__VenusPLM-300M__40ebdfbd__masked__fp16__focus1,BindingGYM,5O2S,KRAS_DARPinK27_norfitness_5O2S__AI4Protein__VenusPLM-300M__40ebdfbd__masked__fp16_,,VenusPLM-300M,,1,masked,0.4703568084855647,0.6815647922002404,0.137347658760281,0.8100240709171078,0.1869786384421947
KRAS_RALGDS-RBD_norfitness_1LFD__AI4Protein__VenusPLM-300M__40ebdfbd__masked__fp16__focus1,BindingGYM,1LFD,KRAS_RALGDS-RBD_norfitness_1LFD__AI4Protein__VenusPLM-300M__40ebdfbd__masked__fp16_,,VenusPLM-300M,,1,masked,0.5231046387076607,0.7482302629795257,0.2115364492945614,0.826598654234005,0.2452240290231155
4D5_HER2_fitness_1N8Z__AI4Protein__VenusPLM-300M__40ebdfbd__masked__fp16__focus1,BindingGYM,1N8Z,4D5_HER2_fitness_1N8Z__AI4Protein__VenusPLM-300M__40ebdfbd__masked__fp16_,,VenusPLM-300M,,1,masked,0.2301974268843014,0.7565245418310322,0.2895299145299145,0.7778362916587845,0.3266793315360262
5A12_Ang2_fitness_4ZFG__AI4Protein__VenusPLM-300M__40ebdfbd__wt__fp16__focus1,BindingGYM,4ZFG,5A12_Ang2_fitness_4ZFG__AI4Protein__VenusPLM-300M__40ebdfbd__wt__fp16_,,VenusPLM-300M,,1,wt,0.1649041144086349,0.6575599776827227,0.1221870931746327,0.6426712563876851,0.1779902478466649
5A12_VEGF_fitness_4ZFF__AI4Protein__VenusPLM-300M__40ebdfbd__wt__fp16__focus1,BindingGYM,4ZFF,5A12_VEGF_fitness_4ZFF__AI4Protein__VenusPLM-300M__40ebdfbd__wt__fp16_,,VenusPLM-300M,,1,wt,0.1066696646928716,0.5034398367335196,-0.0447734265122252,0.4604597558964523,0.0949779819982414
GB1_IgG-Fc_fitness_1FCC_2016__AI4Protein__VenusPLM-300M__40ebdfbd__masked__fp16__focus1,BindingGYM,2016,GB1_IgG-Fc_fitness_1FCC_2016__AI4Protein__VenusPLM-300M__40ebdfbd__masked__fp16_,,VenusPLM-300M,,1,masked,0.2083353263271183,0.594276949131499,0.0264649112837237,0.604900864633464,0.120300298069855
KRAS_PICK3CG-RBD_norfitness_1HE8__AI4Protein__VenusPLM-300M__40ebdfbd__masked__fp16__focus1,BindingGYM,1HE8,KRAS_PICK3CG-RBD_norfitness_1HE8__AI4Protein__VenusPLM-300M__40ebdfbd__masked__fp16_,,VenusPLM-300M,,1,masked,0.4907921033874073,0.6662533575840661,0.1057535889483938,0.8028631658036735,0.1620137281953068
SARS2-RBD_ACE2_deltaKd_6M0J__AI4Protein__VenusPLM-300M__40ebdfbd__masked__fp16__focus1,BindingGYM,6M0J,SARS2-RBD_ACE2_deltaKd_6M0J__AI4Protein__VenusPLM-300M__40ebdfbd__masked__fp16_,,VenusPLM-300M,,1,masked,0.5637664161057111,0.8143777140427529,0.3220321667353323,0.8071125179519475,0.3693322023673787
Z-domain_ZSPA-1_LL1_fitness_1LP1__AI4Protein__VenusPLM-300M__40ebdfbd__wt__fp16__focus1,BindingGYM,1LP1,Z-domain_ZSPA-1_LL1_fitness_1LP1__AI4Protein__VenusPLM-300M__40ebdfbd__wt__fp16_,,VenusPLM-300M,,1,wt,0.1381785821478365,0.5676008831171195,-0.0126758725517589,0.5450415417815293,0.1092061268988937
Z-domain_ZSPA-1_LL1_fitness_1LP1__AI4Protein__VenusPLM-300M__40ebdfbd__masked__fp16__focus1,BindingGYM,1LP1,Z-domain_ZSPA-1_LL1_fitness_1LP1__AI4Protein__VenusPLM-300M__40ebdfbd__masked__fp16_,,VenusPLM-300M,,1,masked,0.1156964918961688,0.593371457580203,-0.0029139564328342,0.5403972231166871,0.1171116194407198
Z-domain_ZSPA-1_LL2_fitness_1LP1__AI4Protein__VenusPLM-300M__40ebdfbd__masked__fp16__focus1,BindingGYM,1LP1,Z-domain_ZSPA-1_LL2_fitness_1LP1__AI4Protein__VenusPLM-300M__40ebdfbd__masked__fp16_,,VenusPLM-300M,,1,masked,0.055948333992973,0.511790454120757,-0.0516273230176725,0.4850803231492908,0.0957280192273829
Z-domain_ZpA963_HL1_fitness_2M5A__AI4Protein__VenusPLM-300M__40ebdfbd__masked__fp16__focus1,BindingGYM,2M5A,Z-domain_ZpA963_HL1_fitness_2M5A__AI4Protein__VenusPLM-300M__40ebdfbd__masked__fp16_,,VenusPLM-300M,,1,masked,0.0653001636443096,0.5816858083360622,0.007026722059804,0.5526155935003739,0.1165812561752866
Z-domain_ZpA963_HL2_fitness_2M5A__AI4Protein__VenusPLM-300M__40ebdfbd__wt__fp16__focus1,BindingGYM,2M5A,Z-domain_ZpA963_HL2_fitness_2M5A__AI4Protein__VenusPLM-300M__40ebdfbd__wt__fp16_,,VenusPLM-300M,,1,wt,0.4928034445876813,0.719969135802469,0.2037037037037037,0.7910437113616757,0.2469496767451822
Z-domain_ZpA963_HL2_fitness_2M5A__AI4Protein__VenusPLM-300M__40ebdfbd__masked__fp16__focus1,BindingGYM,2M5A,Z-domain_ZpA963_HL2_fitness_2M5A__AI4Protein__VenusPLM-300M__40ebdfbd__masked__fp16_,,VenusPLM-300M,,1,masked,0.269245478142626,0.6374537037037037,0.0185185185185185,0.6044967438532641,0.1502723611141216
4D5_HER2_fitness_1N8Z__AI4Protein__VenusPLM-300M__40ebdfbd__wt__fp16__focus1,BindingGYM,1N8Z,4D5_HER2_fitness_1N8Z__AI4Protein__VenusPLM-300M__40ebdfbd__wt__fp16_,,VenusPLM-300M,,1,wt,0.2682587665803782,0.7810894867685733,0.3963675213675213,0.8729556914079812,0.3897506241505957
KRAS_RAF1-RBD_norfitness_6VJJ__AI4Protein__VenusPLM-300M__40ebdfbd__wt__fp16__focus1,BindingGYM,6VJJ,KRAS_RAF1-RBD_norfitness_6VJJ__AI4Protein__VenusPLM-300M__40ebdfbd__wt__fp16_,,VenusPLM-300M,,1,wt,0.5288745968701642,0.7607471779549675,0.2264605071052312,0.8250810143770493,0.2608608951785393
KRAS_RALGDS-RBD_norfitness_1LFD__AI4Protein__VenusPLM-300M__40ebdfbd__wt__fp16__focus1,BindingGYM,1LFD,KRAS_RALGDS-RBD_norfitness_1LFD__AI4Protein__VenusPLM-300M__40ebdfbd__wt__fp16_,,VenusPLM-300M,,1,wt,0.5385912052976795,0.7513800875157808,0.1962476823833756,0.8093056487553163,0.2373565057688668
hYAP65_peptide_FunctioncalScore_1JMQ__AI4Protein__VenusPLM-300M__40ebdfbd__masked__fp16__focus1,BindingGYM,1JMQ,hYAP65_peptide_FunctioncalScore_1JMQ__AI4Protein__VenusPLM-300M__40ebdfbd__masked__fp16_,,VenusPLM-300M,,1,masked,0.2438343163945677,0.6473656179358087,0.0850217551927821,0.6683635299184864,0.1553092467406324
HLA-A2_TAPBPR_meanscore_5WER__AI4Protein__VenusPLM-300M__40ebdfbd__wt__fp16__focus1,BindingGYM,5WER,HLA-A2_TAPBPR_meanscore_5WER__AI4Protein__VenusPLM-300M__40ebdfbd__wt__fp16_,,VenusPLM-300M,,1,wt,0.2977363601787111,0.5810206197328412,0.0877119884128708,0.7077072715199941,0.1322687040573878
PSD95_CRIPT_1BE9__AI4Protein__VenusPLM-300M__40ebdfbd__wt__fp16__focus1,BindingGYM,1BE9,PSD95_CRIPT_1BE9__AI4Protein__VenusPLM-300M__40ebdfbd__wt__fp16_,,VenusPLM-300M,,1,wt,0.5733650253585933,0.6637674953836272,0.0433983639753436,0.75451540219126,0.1531431849479244
CD19_FMC63_Fitness_7URV__AI4Protein__VenusPLM-300M__40ebdfbd__wt__fp16__focus1,BindingGYM,7URV,CD19_FMC63_Fitness_7URV__AI4Protein__VenusPLM-300M__40ebdfbd__wt__fp16_,,VenusPLM-300M,,1,wt,0.2831052908414578,0.5119871526505835,-0.0040919003507773,0.6974243244822771,0.1056851989203978
KRAS_PICK3CG-RBD_norfitness_1HE8__AI4Protein__VenusPLM-300M__40ebdfbd__wt__fp16__focus1,BindingGYM,1HE8,KRAS_PICK3CG-RBD_norfitness_1HE8__AI4Protein__VenusPLM-300M__40ebdfbd__wt__fp16_,,VenusPLM-300M,,1,wt,0.5104332871618921,0.682036404895345,0.0959203489821084,0.788384656662678,0.1625730190641472
PSD95_Tm2F_1BE9__AI4Protein__VenusPLM-300M__40ebdfbd__masked__fp16__focus1,BindingGYM,1BE9,PSD95_Tm2F_1BE9__AI4Protein__VenusPLM-300M__40ebdfbd__masked__fp16_,,VenusPLM-300M,,1,masked,0.2683600043741309,0.3702955370603294,-0.1043121827637576,0.6042099965576586,0.0736193151168429
ACE2_SARS2-RBD_enrich_6M17__AI4Protein__VenusPLM-300M__40ebdfbd__wt__fp16__focus1,BindingGYM,6M17,ACE2_SARS2-RBD_enrich_6M17__AI4Protein__VenusPLM-300M__40ebdfbd__wt__fp16_,,VenusPLM-300M,,1,wt,0.1892006936584836,0.5646477379037219,-0.0199942893356825,0.545771624328196,0.1078196634586521
BH3_Mcl-1_normed_3KZ0__AI4Protein__VenusPLM-300M__40ebdfbd__masked__fp16__focus1,BindingGYM,3KZ0,BH3_Mcl-1_normed_3KZ0__AI4Protein__VenusPLM-300M__40ebdfbd__masked__fp16_,,VenusPLM-300M,,1,masked,0.4397178697868648,0.8326592934962033,0.2899626809975167,0.6596905377548575,0.2994402421149381
KRAS_RAF1-RBD_norfitness_6VJJ__AI4Protein__VenusPLM-300M__40ebdfbd__masked__fp16__focus1,BindingGYM,6VJJ,KRAS_RAF1-RBD_norfitness_6VJJ__AI4Protein__VenusPLM-300M__40ebdfbd__masked__fp16_,,VenusPLM-300M,,1,masked,0.5240169552981253,0.7628337194615123,0.2394087813198368,0.8407891043834387,0.2706645999150707
KRAS_RAF1_norfitness_6VJJ__AI4Protein__VenusPLM-300M__40ebdfbd__wt__fp16__focus1,BindingGYM,6VJJ,KRAS_RAF1_norfitness_6VJJ__AI4Protein__VenusPLM-300M__40ebdfbd__wt__fp16_,,VenusPLM-300M,,1,wt,0.4953987616742324,0.7720297261031125,0.2849443947207542,0.8242533028426667,0.302721973959142
PSD95_Tm2F_1BE9__AI4Protein__VenusPLM-300M__40ebdfbd__wt__fp16__focus1,BindingGYM,1BE9,PSD95_Tm2F_1BE9__AI4Protein__VenusPLM-300M__40ebdfbd__wt__fp16_,,VenusPLM-300M,,1,wt,0.2777777770553361,0.3724320032827539,-0.090244511645748,0.6196040721418027,0.0738975541323838
ACE2_SARS2-RBD_enrich_6M17__AI4Protein__VenusPLM-300M__40ebdfbd__masked__fp16__focus1,BindingGYM,6M17,ACE2_SARS2-RBD_enrich_6M17__AI4Protein__VenusPLM-300M__40ebdfbd__masked__fp16_,,VenusPLM-300M,,1,masked,0.1774516945529786,0.5557021911772557,-0.0199942893356825,0.5502443723176216,0.1060912923462319
CXCR4_CXCL12_enrich_8U4O__AI4Protein__VenusPLM-300M__40ebdfbd__wt__fp16__focus1,BindingGYM,8U4O,CXCR4_CXCL12_enrich_8U4O__AI4Protein__VenusPLM-300M__40ebdfbd__wt__fp16_,,VenusPLM-300M,,1,wt,0.1281818521311897,0.4452834527006969,-0.0058643177124747,0.6065386847423155,0.1008951379858646
GB1_IgG-Fc_fitness_1FCC__AI4Protein__VenusPLM-300M__40ebdfbd__masked__fp16__focus1,BindingGYM,1FCC,GB1_IgG-Fc_fitness_1FCC__AI4Protein__VenusPLM-300M__40ebdfbd__masked__fp16_,,VenusPLM-300M,,1,masked,0.1104989812807374,0.4982348165936436,-0.0313679894249501,0.5034417575723464,0.0934692705866469
GB1_IgG-Fc_fitness_1FCC_2016__AI4Protein__VenusPLM-300M__40ebdfbd__wt__fp16__focus1,BindingGYM,2016,GB1_IgG-Fc_fitness_1FCC_2016__AI4Protein__VenusPLM-300M__40ebdfbd__wt__fp16_,,VenusPLM-300M,,1,wt,0.3143283974226565,0.6369195870390038,0.0846085958441918,0.7214026344274812,0.1529279648478455
SARS2-RBD_ACE2_deltaKd_6M0J__AI4Protein__VenusPLM-300M__40ebdfbd__wt__fp16__focus1,BindingGYM,6M0J,SARS2-RBD_ACE2_deltaKd_6M0J__AI4Protein__VenusPLM-300M__40ebdfbd__wt__fp16_,,VenusPLM-300M,,1,wt,0.5611909155727033,0.8137452461877556,0.3200008024409063,0.8046550813164984,0.3673228016611797
Z-domain_ZSPA-1_LL2_fitness_1LP1__AI4Protein__VenusPLM-300M__40ebdfbd__wt__fp16__focus1,BindingGYM,1LP1,Z-domain_ZSPA-1_LL2_fitness_1LP1__AI4Protein__VenusPLM-300M__40ebdfbd__wt__fp16_,,VenusPLM-300M,,1,wt,0.0335450954727653,0.5626653957248499,-0.0059043959299477,0.4600612979931777,0.1098867581688178
Z-domain_ZpA963_HL1_fitness_2M5A__AI4Protein__VenusPLM-300M__40ebdfbd__wt__fp16__focus1,BindingGYM,2M5A,Z-domain_ZpA963_HL1_fitness_2M5A__AI4Protein__VenusPLM-300M__40ebdfbd__wt__fp16_,,VenusPLM-300M,,1,wt,0.5363283682213629,0.8791385393939634,0.4003969052438048,0.8639280199505771,0.4529057842616343
hYAP65_peptide_FunctioncalScore_1JMQ__AI4Protein__VenusPLM-300M__40ebdfbd__wt__fp16__focus1,BindingGYM,1JMQ,hYAP65_peptide_FunctioncalScore_1JMQ__AI4Protein__VenusPLM-300M__40ebdfbd__wt__fp16_,,VenusPLM-300M,,1,wt,0.0421069091470535,0.5638781925611792,-0.0212026320671587,0.5385789710386685,0.1077764311132531
ABBind_1DQJ_CHL__AI4Protein__VenusPLM-300M__40ebdfbd__wt__fp16__focus1,ABBind,1DQJ,CHL__AI4Protein__VenusPLM-300M__40ebdfbd__wt__fp16_,,VenusPLM-300M,,1,wt,0.386622100097209,0.8200000000000001,0.3666177875533832,0.8963189453066482,0.6273809523809524
ABBind_1DVF_ABCD__AI4Protein__VenusPLM-300M__40ebdfbd__masked__fp16__focus1,ABBind,1DVF,ABCD__AI4Protein__VenusPLM-300M__40ebdfbd__masked__fp16_,,VenusPLM-300M,,1,masked,0.2700483464154037,0.6875,0.1666666666666666,0.7663050610454366,0.3882575757575757
ABBind_1VFB_CHL__AI4Protein__VenusPLM-300M__40ebdfbd__masked__fp16__focus1,ABBind,1VFB,CHL__AI4Protein__VenusPLM-300M__40ebdfbd__masked__fp16_,,VenusPLM-300M,,1,masked,-0.0667931809905582,0.4799999999999999,-0.12,0.3008215386046544,0.1211965423921945
ABBind_2JEL_HLP__AI4Protein__VenusPLM-300M__40ebdfbd__wt__fp16__focus1,ABBind,2JEL,HLP__AI4Protein__VenusPLM-300M__40ebdfbd__wt__fp16_,,VenusPLM-300M,,1,wt,0.0363024656084869,0.4807692307692308,-0.1390301714023175,0.6429938120226659,0.6022898801691778
ABBind_2JEL_HLP__AI4Protein__VenusPLM-300M__40ebdfbd__masked__fp16__focus1,ABBind,2JEL,HLP__AI4Protein__VenusPLM-300M__40ebdfbd__masked__fp16_,,VenusPLM-300M,,1,masked,0.0149480740740828,0.4658119658119658,-0.1390301714023175,0.5404094506631831,0.5748897705443737
ABBind_1DQJ_CHL__AI4Protein__VenusPLM-300M__40ebdfbd__masked__fp16__focus1,ABBind,1DQJ,CHL__AI4Protein__VenusPLM-300M__40ebdfbd__masked__fp16_,,VenusPLM-300M,,1,masked,0.421540091727316,0.7533333333333334,0.1099853362660149,0.8315829486280214,0.4527272727272727
ABBind_3HFM_HLY__AI4Protein__VenusPLM-300M__40ebdfbd__wt__fp16__focus1,ABBind,3HFM,HLY__AI4Protein__VenusPLM-300M__40ebdfbd__wt__fp16_,,VenusPLM-300M,,1,wt,0.7433801209366411,0.8818181818181818,0.5545454545454546,0.9660379168013604,0.706993006993007
ABBind_3HFM_HLY__AI4Protein__VenusPLM-300M__40ebdfbd__masked__fp16__focus1,ABBind,3HFM,HLY__AI4Protein__VenusPLM-300M__40ebdfbd__masked__fp16_,,VenusPLM-300M,,1,masked,0.7437956202007711,0.8863636363636365,0.5545454545454546,0.9268917857469766,0.5060606060606061
ABBind_HM_1YY9_AHL__AI4Protein__VenusPLM-300M__40ebdfbd__wt__fp16__focus1,ABBind,1YY9,AHL__AI4Protein__VenusPLM-300M__40ebdfbd__wt__fp16_,,VenusPLM-300M,,1,wt,-0.1299816308076171,0.4666666666666667,-0.1333333333333333,0.0588235294117647,0.2291666666666666
ABBind_1MLC_EHL__AI4Protein__VenusPLM-300M__40ebdfbd__wt__fp16__focus1,ABBind,1MLC,EHL__AI4Protein__VenusPLM-300M__40ebdfbd__wt__fp16_,,VenusPLM-300M,,1,wt,-0.1505611882310109,0.2933333333333333,-0.12,0.3440390164033516,0.0990607832713095
ABBind_1MLC_EHL__AI4Protein__VenusPLM-300M__40ebdfbd__masked__fp16__focus1,ABBind,1MLC,EHL__AI4Protein__VenusPLM-300M__40ebdfbd__masked__fp16_,,VenusPLM-300M,,1,masked,-0.1626060832894917,0.3333333333333332,-0.12,0.4631217431399517,0.1027644869750132
ABBind_HM_1YY9_AHL__AI4Protein__VenusPLM-300M__40ebdfbd__masked__fp16__focus1,ABBind,1YY9,AHL__AI4Protein__VenusPLM-300M__40ebdfbd__masked__fp16_,,VenusPLM-300M,,1,masked,-0.1827100282107071,0.3666666666666667,-0.1333333333333333,0.2352941176470588,0.1588235294117647
ABBind_1DVF_ABCD__AI4Protein__VenusPLM-300M__40ebdfbd__wt__fp16__focus1,ABBind,1DVF,ABCD__AI4Protein__VenusPLM-300M__40ebdfbd__wt__fp16_,,VenusPLM-300M,,1,wt,0.3940218878975056,0.7777777777777778,0.4444444444444444,0.9102816902864233,0.5892857142857143
ABBind_1VFB_CHL__AI4Protein__VenusPLM-300M__40ebdfbd__wt__fp16__focus1,ABBind,1VFB,CHL__AI4Protein__VenusPLM-300M__40ebdfbd__wt__fp16_,,VenusPLM-300M,,1,wt,0.2068553056687032,0.6233333333333333,0.2533333333333333,0.7501248484195279,0.2613842440543339
SKEMPI_1MLC_ABE__AI4Protein__VenusPLM-300M__40ebdfbd__masked__fp16__focus1,SKEMPI,1MLC,ABE__AI4Protein__VenusPLM-300M__40ebdfbd__masked__fp16_,,VenusPLM-300M,,1,masked,-0.1631535785194227,0.3466666666666666,-0.12,0.3440390164033516,0.1049161693662972
SKEMPI_1VFB_ABC__AI4Protein__VenusPLM-300M__40ebdfbd__wt__fp16__focus1,SKEMPI,1VFB,ABC__AI4Protein__VenusPLM-300M__40ebdfbd__wt__fp16_,,VenusPLM-300M,,1,wt,0.2131806683184343,0.5051020408163265,0.0357142857142857,0.7112360989214229,0.1369760548331977
SKEMPI_3BN9_CDB__AI4Protein__VenusPLM-300M__40ebdfbd__wt__fp16__focus1,SKEMPI,3BN9,CDB__AI4Protein__VenusPLM-300M__40ebdfbd__wt__fp16_,,VenusPLM-300M,,1,wt,0.1287249814818029,0.4296875,-0.125,0.5957643036265157,0.1173331054910002
SKEMPI_3HFM_HLY__AI4Protein__VenusPLM-300M__40ebdfbd__wt__fp16__focus1,SKEMPI,3HFM,HLY__AI4Protein__VenusPLM-300M__40ebdfbd__wt__fp16_,,VenusPLM-300M,,1,wt,0.5593265123431064,0.7172995780590717,0.2573839662447257,0.8717026770165143,0.3781387307125433
SKEMPI_2BDN_HLA__AI4Protein__VenusPLM-300M__40ebdfbd__masked__fp16__focus1,SKEMPI,2BDN,HLA__AI4Protein__VenusPLM-300M__40ebdfbd__masked__fp16_,,VenusPLM-300M,,1,masked,0.1483516483516483,0.5,-0.1818181818181818,0.5384615384615384,0.2083333333333333
SKEMPI_3SE8_HLG__AI4Protein__VenusPLM-300M__40ebdfbd__masked__fp16__focus1,SKEMPI,3SE8,HLG__AI4Protein__VenusPLM-300M__40ebdfbd__masked__fp16_,,VenusPLM-300M,,1,masked,0.0071437369675993,0.4871794871794871,-0.1153846153846153,0.578314965405903,0.1253968253968254
SKEMPI_4JPK_HLA__AI4Protein__VenusPLM-300M__40ebdfbd__wt__fp16__focus1,SKEMPI,4JPK,HLA__AI4Protein__VenusPLM-300M__40ebdfbd__wt__fp16_,,VenusPLM-300M,,1,wt,-0.2848484848484848,0.1111111111111111,-0.1111111111111111,0.3,0.1111111111111111
SKEMPI_1MHP_HLA__AI4Protein__VenusPLM-300M__40ebdfbd__masked__fp16__focus1,SKEMPI,1MHP,HLA__AI4Protein__VenusPLM-300M__40ebdfbd__masked__fp16_,,VenusPLM-300M,,1,masked,-0.1861944432930651,0.1587301587301587,0.0138888888888888,0.6812022689991142,0.1069758828495524
SKEMPI_3N85_LHA__AI4Protein__VenusPLM-300M__40ebdfbd__wt__fp16__focus1,SKEMPI,3N85,LHA__AI4Protein__VenusPLM-300M__40ebdfbd__wt__fp16_,,VenusPLM-300M,,1,wt,-0.1702135522304181,0.25,-0.1666666666666666,0.4210526315789473,0.1964285714285714
SKEMPI_3SE9_HLG__AI4Protein__VenusPLM-300M__40ebdfbd__masked__fp16__focus1,SKEMPI,3SE9,HLG__AI4Protein__VenusPLM-300M__40ebdfbd__masked__fp16_,,VenusPLM-300M,,1,masked,-0.0910024001254225,0.8115942028985508,0.2463768115942029,0.5922504091610018,0.5435897435897437
SKEMPI_1MHP_HLA__AI4Protein__VenusPLM-300M__40ebdfbd__wt__fp16__focus1,SKEMPI,1MHP,HLA__AI4Protein__VenusPLM-300M__40ebdfbd__wt__fp16_,,VenusPLM-300M,,1,wt,-0.146663569327267,0.1706349206349206,0.0138888888888888,0.6675142379169803,0.1076732513238408
SKEMPI_1VFB_ABC__AI4Protein__VenusPLM-300M__40ebdfbd__masked__fp16__focus1,SKEMPI,1VFB,ABC__AI4Protein__VenusPLM-300M__40ebdfbd__masked__fp16_,,VenusPLM-300M,,1,masked,-0.0536732321089988,0.4005102040816326,-0.125,0.302968234136027,0.1089847839892895
SKEMPI_2BDN_HLA__AI4Protein__VenusPLM-300M__40ebdfbd__wt__fp16__focus1,SKEMPI,2BDN,HLA__AI4Protein__VenusPLM-300M__40ebdfbd__wt__fp16_,,VenusPLM-300M,,1,wt,0.1263736263736263,0.5454545454545454,-0.1818181818181818,0.6153846153846154,0.2261904761904761
SKEMPI_3BN9_CDB__AI4Protein__VenusPLM-300M__40ebdfbd__masked__fp16__focus1,SKEMPI,3BN9,CDB__AI4Protein__VenusPLM-300M__40ebdfbd__masked__fp16_,,VenusPLM-300M,,1,masked,0.1472708560091824,0.484375,-0.125,0.6185223147594263,0.131547619047619
SKEMPI_3L5X_HLA__AI4Protein__VenusPLM-300M__40ebdfbd__wt__fp16__focus1,SKEMPI,3L5X,HLA__AI4Protein__VenusPLM-300M__40ebdfbd__wt__fp16_,,VenusPLM-300M,,1,wt,-0.3015832178413434,0.2578125,-0.125,0.2255763905435295,0.0904159592529711
SKEMPI_3N85_LHA__AI4Protein__VenusPLM-300M__40ebdfbd__masked__fp16__focus1,SKEMPI,3N85,LHA__AI4Protein__VenusPLM-300M__40ebdfbd__masked__fp16_,,VenusPLM-300M,,1,masked,-0.1519763859200161,0.3125,-0.1666666666666666,0.631578947368421,0.2083333333333333
SKEMPI_2B2X_HLA__AI4Protein__VenusPLM-300M__40ebdfbd__masked__fp16__focus1,SKEMPI,2B2X,HLA__AI4Protein__VenusPLM-300M__40ebdfbd__masked__fp16_,,VenusPLM-300M,,1,masked,-0.1978741532574389,0.1607142857142857,0.0138888888888888,0.6919365093121707,0.1277949560785833
SKEMPI_2JEL_LHP__AI4Protein__VenusPLM-300M__40ebdfbd__wt__fp16__focus1,SKEMPI,2JEL,LHP__AI4Protein__VenusPLM-300M__40ebdfbd__wt__fp16_,,VenusPLM-300M,,1,wt,0.0710389860297666,0.4959514170040486,-0.1272569525951555,0.6514972036278149,0.5988070199739637
SKEMPI_3NPS_BCA__AI4Protein__VenusPLM-300M__40ebdfbd__wt__fp16__focus1,SKEMPI,3NPS,BCA__AI4Protein__VenusPLM-300M__40ebdfbd__wt__fp16_,,VenusPLM-300M,,1,wt,-0.1407062688201478,0.3199999999999999,-0.12,0.480312648272994,0.1013270355375618
SKEMPI_1DQJ_ABC__AI4Protein__VenusPLM-300M__40ebdfbd__masked__fp16__focus1,SKEMPI,1DQJ,ABC__AI4Protein__VenusPLM-300M__40ebdfbd__masked__fp16_,,VenusPLM-300M,,1,masked,0.3757966253350421,0.7258064516129032,0.1532258064516129,0.8172347909297754,0.461566091954023
SKEMPI_1YY9_CDA__AI4Protein__VenusPLM-300M__40ebdfbd__masked__fp16__focus1,SKEMPI,1YY9,CDA__AI4Protein__VenusPLM-300M__40ebdfbd__masked__fp16_,,VenusPLM-300M,,1,masked,-0.2166228058420035,0.25,-0.1111111111111111,0.2087794690791264,0.0980861244019138
SKEMPI_2JEL_LHP__AI4Protein__VenusPLM-300M__40ebdfbd__masked__fp16__focus1,SKEMPI,2JEL,LHP__AI4Protein__VenusPLM-300M__40ebdfbd__masked__fp16_,,VenusPLM-300M,,1,masked,0.0469339408699656,0.479757085020243,-0.1272569525951555,0.5513562592918466,0.5706946749296237
SKEMPI_3L5X_HLA__AI4Protein__VenusPLM-300M__40ebdfbd__masked__fp16__focus1,SKEMPI,3L5X,HLA__AI4Protein__VenusPLM-300M__40ebdfbd__masked__fp16_,,VenusPLM-300M,,1,masked,-0.1670742709168006,0.328125,-0.125,0.311004322606919,0.0997055137844611
SKEMPI_3SE9_HLG__AI4Protein__VenusPLM-300M__40ebdfbd__wt__fp16__focus1,SKEMPI,3SE9,HLG__AI4Protein__VenusPLM-300M__40ebdfbd__wt__fp16_,,VenusPLM-300M,,1,wt,-0.0937232892306881,0.7681159420289856,0.2463768115942029,0.7728615549271289,0.3388278388278388
SKEMPI_4JPK_HLA__AI4Protein__VenusPLM-300M__40ebdfbd__masked__fp16__focus1,SKEMPI,4JPK,HLA__AI4Protein__VenusPLM-300M__40ebdfbd__masked__fp16_,,VenusPLM-300M,,1,masked,-0.3212121212121211,0.1111111111111111,-0.1111111111111111,0.3,0.1111111111111111
SKEMPI_1DQJ_ABC__AI4Protein__VenusPLM-300M__40ebdfbd__wt__fp16__focus1,SKEMPI,1DQJ,ABC__AI4Protein__VenusPLM-300M__40ebdfbd__wt__fp16_,,VenusPLM-300M,,1,wt,0.3661320829764443,0.7983870967741935,0.4354838709677419,0.893602631461772,0.6471428571428571
SKEMPI_1MLC_ABE__AI4Protein__VenusPLM-300M__40ebdfbd__wt__fp16__focus1,SKEMPI,1MLC,ABE__AI4Protein__VenusPLM-300M__40ebdfbd__wt__fp16_,,VenusPLM-300M,,1,wt,-0.1505611882310109,0.3199999999999999,-0.12,0.3440390164033516,0.100788202390033
SKEMPI_1YY9_CDA__AI4Protein__VenusPLM-300M__40ebdfbd__wt__fp16__focus1,SKEMPI,1YY9,CDA__AI4Protein__VenusPLM-300M__40ebdfbd__wt__fp16_,,VenusPLM-300M,,1,wt,-0.2467093066533929,0.1111111111111111,-0.1111111111111111,0.301082609745664,0.0838815789473684
SKEMPI_2B2X_HLA__AI4Protein__VenusPLM-300M__40ebdfbd__wt__fp16__focus1,SKEMPI,2B2X,HLA__AI4Protein__VenusPLM-300M__40ebdfbd__wt__fp16_,,VenusPLM-300M,,1,wt,0.3012467364948806,0.6488095238095238,0.1547619047619047,0.8221788907806203,0.2920444032955183
SKEMPI_3HFM_HLY__AI4Protein__VenusPLM-300M__40ebdfbd__masked__fp16__focus1,SKEMPI,3HFM,HLY__AI4Protein__VenusPLM-300M__40ebdfbd__masked__fp16_,,VenusPLM-300M,,1,masked,0.5660279336525891,0.720112517580872,0.2573839662447257,0.8992952549004999,0.3456614731614731
SKEMPI_3NPS_BCA__AI4Protein__VenusPLM-300M__40ebdfbd__masked__fp16__focus1,SKEMPI,3NPS,BCA__AI4Protein__VenusPLM-300M__40ebdfbd__masked__fp16_,,VenusPLM-300M,,1,masked,-0.0758177097561268,0.3733333333333333,-0.12,0.0782438309773571,0.1103703703703703
SKEMPI_3SE8_HLG__AI4Protein__VenusPLM-300M__40ebdfbd__wt__fp16__focus1,SKEMPI,3SE8,HLG__AI4Protein__VenusPLM-300M__40ebdfbd__wt__fp16_,,VenusPLM-300M,,1,wt,0.0751324060385453,0.5256410256410257,-0.1153846153846153,0.6742365745155081,0.1335710041592394
